Tên sản phẩm,Giá gốc,Giá giảm,Link chi tiết,Link ảnh
Smart Tivi LG 4K 65 inch LED 2024 (65UT7350),16900000.0,11990000.0,https://cellphones.com.vn/smart-tivi-lg-led-65ut73-4k-65-inch-2024.html,https://cdn2.cellphones.com.vn/insecure/rs:fill:358:358/q:90/plain/https://cellphones.com.vn/media/catalog/product/s/m/smart_tivi_qned_lg_4k_75_inch_75qned80sra_11__1.png
Google Tivi Coocaa FHD 43 inch 43Z72,4990000.0,4390000.0,https://cellphones.com.vn/google-tivi-coocaa-full-hd-43-inch-43z72.html,https://cdn2.cellphones.com.vn/insecure/rs:fill:358:358/q:90/plain/https://cellphones.com.vn/media/catalog/product/t/e/text_ng_n_-_2024-09-26t143552.687.png
Smart Tivi Samsung Crystal UHD 4K 55 inch UA55AU7700KXXV,20900000.0,9190000.0,https://cellphones.com.vn/smart-tivi-samsung-crystal-uhd-4k-55-inch-ua55au7700kxxv.html,https://cdn2.cellphones.com.vn/insecure/rs:fill:358:358/q:90/plain/https://cellphones.com.vn/media/catalog/product/u/a/ua55au7700kxxv.png
Tivi Xiaomi A Pro 4K 43 inch QLED 2025,7990000.0,6190000.0,https://cellphones.com.vn/tivi-xiaomi-qled-a-pro-43-inch-4k-2025.html,https://cdn2.cellphones.com.vn/insecure/rs:fill:358:358/q:90/plain/https://cellphones.com.vn/media/catalog/product/s/m/smart_tivi_qned_lg_4k_75_inch_75qned86sra.png
Smart Tivi Samsung UHD 4K 43 inch 2024 (43DU7700),10400000.0,7790000.0,https://cellphones.com.vn/smart-tivi-samsung-uhd-43du7700-4k-43-inch-2024.html,https://cdn2.cellphones.com.vn/insecure/rs:fill:358:358/q:90/plain/https://cellphones.com.vn/media/catalog/product/s/m/smart_tivi_oled_lg_4k_48_inch_oled48a3psa_2.png
Tivi LG 43LM5750PTC FHD 43 inch,7990000.0,6490000.0,https://cellphones.com.vn/tivi-lg-43lm5750ptc-fhd-43-inch.html,https://cdn2.cellphones.com.vn/insecure/rs:fill:358:358/q:90/plain/https://cellphones.com.vn/media/catalog/product/s/m/smart_tivi_di_ng_lg_stanby_me_27inch_3.png
Tivi Xiaomi A Pro 4K 55 inch QLED 2025,11490000.0,9190000.0,https://cellphones.com.vn/tivi-xiaomi-qled-a-pro-55-inch-4k-2025.html,https://cdn2.cellphones.com.vn/insecure/rs:fill:358:358/q:90/plain/https://cellphones.com.vn/media/catalog/product/5/5/55_1_1.png
Smart Tivi Coocaa FHD 43 inch 43S3U+,4490000.0,3990000.0,https://cellphones.com.vn/smart-tivi-coocaa-fhd-43-inch-43s3u-plus.html,https://cdn2.cellphones.com.vn/insecure/rs:fill:358:358/q:90/plain/https://cellphones.com.vn/media/catalog/product/s/m/smart-tivi-coocaa-fhd-43-inch-43s3u-plus.png
Xiaomi Smart Display S Mini LED 55 inch 2025,19990000.0,14490000.0,https://cellphones.com.vn/google-tivi-xiaomi-s-mini-led-55-inch-2025.html,https://cdn2.cellphones.com.vn/insecure/rs:fill:358:358/q:90/plain/https://cellphones.com.vn/media/catalog/product/g/r/group_404.png
Smart Tivi Coocaa HD 32 inch 32S3U+,3190000.0,2990000.0,https://cellphones.com.vn/smart-tivi-coocaa-hd-32-inch-32s3u-plus.html,https://cdn2.cellphones.com.vn/insecure/rs:fill:358:358/q:90/plain/https://cellphones.com.vn/media/catalog/product/s/m/smart-tivi-coocaa-hd-32-inch-32s3u-plus_1_.png
Smart Tivi LG NanoCell 4K 55 inch 2024 (55NANO81TSA),18990000.0,13490000.0,https://cellphones.com.vn/smart-tivi-lg-nanocell-55nano81tsa-4k-55-inch-2024.html,https://cdn2.cellphones.com.vn/insecure/rs:fill:358:358/q:90/plain/https://cellphones.com.vn/media/catalog/product/s/m/smart_tivi_qned_lg_4k_75_inch_75qned80sra_21_.png
Smart Tivi LG 4K 55 inch 55UQ7550PSF,16990000.0,9490000.0,https://cellphones.com.vn/smart-tivi-lg-55uq7550psf-4k-55-inch.html,https://cdn2.cellphones.com.vn/insecure/rs:fill:358:358/q:90/plain/https://cellphones.com.vn/media/catalog/product/s/m/smart-tivi-lg-55uq7550psf-4k-55-inch.png
Smart Tivi Samsung UHD 4K 43 inch UA43AU7002,9900000.0,6890000.0,https://cellphones.com.vn/smart-tivi-samsung-uhd-4k-43-inch-ua43au7002.html,https://cdn2.cellphones.com.vn/insecure/rs:fill:358:358/q:90/plain/https://cellphones.com.vn/media/catalog/product/s/m/smart-tivi-samsung-uhd-4k-43-inch-ua43au7002.png
Google Tivi Coocaa 4K 55 inch 55Y73 2024,8990000.0,7190000.0,https://cellphones.com.vn/google-tivi-coocaa-4k-55-inch-55y73.html,https://cdn2.cellphones.com.vn/insecure/rs:fill:358:358/q:90/plain/https://cellphones.com.vn/media/catalog/product/s/m/smart_tivi_qned_lg_4k_86_inch_86qned80sra_7_.png
Smart Tivi Samsung QLED 4K 55 inch 2024 (55Q60D),17900000.0,13490000.0,https://cellphones.com.vn/smart-tivi-samsung-qled-55q60d-4k-55-inch-2024.html,https://cdn2.cellphones.com.vn/insecure/rs:fill:358:358/q:90/plain/https://cellphones.com.vn/media/catalog/product/s/m/smart_tivi_qned_lg_4k_65_inch_65qned86sra_36_.png
Smart Tivi Samsung UHD 4K 65 INCH 2024 (65DU7700),17900000.0,12490000.0,https://cellphones.com.vn/smart-tivi-samsung-uhd-65du7700-4k-65-inch-2024.html,https://cdn2.cellphones.com.vn/insecure/rs:fill:358:358/q:90/plain/https://cellphones.com.vn/media/catalog/product/8/_/8_167_5.png
Smart Tivi Samsung UHD 4K 55 INCH 2024 (55DU8000),15400000.0,11590000.0,https://cellphones.com.vn/smart-tivi-samsung-uhd-55du8000-4k-55-inch-2024.html,https://cdn2.cellphones.com.vn/insecure/rs:fill:358:358/q:90/plain/https://cellphones.com.vn/media/catalog/product/7/_/7_267_5.png
Tivi Xiaomi A FHD 43 inch 2025,6490000.0,4990000.0,https://cellphones.com.vn/tivi-xiaomi-a-43-inch-fhd-2025.html,https://cdn2.cellphones.com.vn/insecure/rs:fill:358:358/q:90/plain/https://cellphones.com.vn/media/catalog/product/1/4/14_2_.png
Smart Tivi di động LG Stanby Me 27inch Version 2023 LG 27ART10AKPL.ATV,22990000.0,16290000.0,https://cellphones.com.vn/smart-tivi-lg-standby-me-27-inch-27art10akpl.html,https://cdn2.cellphones.com.vn/insecure/rs:fill:358:358/q:90/plain/https://cellphones.com.vn/media/catalog/product/s/m/smart_tivi_di_ng_lg_stanby_me_27inch_2.png
Smart Tivi Samsung QLED 4K 50 inch 2024 (50Q60D),15900000.0,11490000.0,https://cellphones.com.vn/smart-tivi-samsung-qled-50q60d-4k-50-inch-2024.html,https://cdn2.cellphones.com.vn/insecure/rs:fill:358:358/q:90/plain/https://cellphones.com.vn/media/catalog/product/s/m/smart-tivi-samsung-qled-50q60d-4k-50-inch-2024.1.png
Smart Tivi LG UHD 4K 43 inch 43UQ7050,10900000.0,6990000.0,https://cellphones.com.vn/smart-tivi-lg-uhd-43uq7050-4k-43-inch.html,https://cdn2.cellphones.com.vn/insecure/rs:fill:358:358/q:90/plain/https://cellphones.com.vn/media/catalog/product/4/3/43uq7050.png
Smart Tivi NanoCell LG 4K 55 inch 55NANO76SQA,22900000.0,12590000.0,https://cellphones.com.vn/smart-tivi-nanocell-lg-4k-55-inch-55nano76sqa.html,https://cdn2.cellphones.com.vn/insecure/rs:fill:358:358/q:90/plain/https://cellphones.com.vn/media/catalog/product/6/5/65578dfv.png
Smart Tivi LG UHD 4K 55 inch 55UQ7050,13900000.0,9290000.0,https://cellphones.com.vn/smart-tivi-lg-uhd-55uq7050-4k-55-inch.html,https://cdn2.cellphones.com.vn/insecure/rs:fill:358:358/q:90/plain/https://cellphones.com.vn/media/catalog/product/5/5/55uq7050.png
Google Tivi Coocaa khung tranh QLED 4K 55 inch (55LN7000G),12990000.0,10990000.0,https://cellphones.com.vn/google-tivi-coocaa-4k-55-inch-55ln7000g.html,https://cdn2.cellphones.com.vn/insecure/rs:fill:358:358/q:90/plain/https://cellphones.com.vn/media/catalog/product/f/i/file_4.png
Tivi Xiaomi A 4K 2025 55 inch,10490000.0,7590000.0,https://cellphones.com.vn/tivi-xiaomi-a-55-inch-4k-2025.html,https://cdn2.cellphones.com.vn/insecure/rs:fill:358:358/q:90/plain/https://cellphones.com.vn/media/catalog/product/1/_/1_691.png
Tivi Xiaomi A 32 inch HD,4490000.0,3490000.0,https://cellphones.com.vn/tivi-xiaomi-a-32-inch-hd.html,https://cdn2.cellphones.com.vn/insecure/rs:fill:358:358/q:90/plain/https://cellphones.com.vn/media/catalog/product/t/i/tivi_xiaomi_a_32_inch_hd.png
Tivi Xiaomi A Pro 4K 65 inch QLED 2025,14990000.0,12690000.0,https://cellphones.com.vn/tivi-xiaomi-qled-a-pro-65-inch-4k-2025.html,https://cdn2.cellphones.com.vn/insecure/rs:fill:358:358/q:90/plain/https://cellphones.com.vn/media/catalog/product/s/m/smart_tivi_qned_lg_4k_75_inch_75qned86sra_1.png
Smart Tivi LG 4K 50 INCH 50UQ8000PSC,12990000.0,8990000.0,https://cellphones.com.vn/smart-tivi-lg-50uq8000psc-4k-50-inch.html,https://cdn2.cellphones.com.vn/insecure/rs:fill:358:358/q:90/plain/https://cellphones.com.vn/media/catalog/product/5/1/51_1_1.png
Google Tivi Toshiba QLED 4K 50 inch (50M550LP),12990000.0,8390000.0,https://cellphones.com.vn/google-tivi-toshiba-qled-4k-50-inch-50m550lp.html,https://cdn2.cellphones.com.vn/insecure/rs:fill:358:358/q:90/plain/https://cellphones.com.vn/media/catalog/product/f/r/frame_110_1_.png
Tivi Xiaomi A 43 inch Full HD,6490000.0,4990000.0,https://cellphones.com.vn/tivi-xiaomi-a-43-inch-full-hd.html,https://cdn2.cellphones.com.vn/insecure/rs:fill:358:358/q:90/plain/https://cellphones.com.vn/media/catalog/product/t/i/tivi_xiaomi_a_43_inch_full_hd.png
GIÁ TREO TIVI DI ĐỘNG NORTH BAYOU 32-75 INCH (AVA1500-60-1P ),1490000.0,1290000.0,https://cellphones.com.vn/gia-treo-tivi-di-dong-north-bayou-ava1500-60-1p.html,https://cdn2.cellphones.com.vn/insecure/rs:fill:358:358/q:90/plain/https://cellphones.com.vn/media/catalog/product/1/6/1642931042-ava1500-60-1p-2.jpg
Smart Tivi LG 4K 55 ich Evo Oled Pose (55LX1TPSA) 2024,54990000.0,27890000.0,https://cellphones.com.vn/smart-tivi-lg-oled-evo-pose-4k-55-inch-55lx1qpsa.html,https://cdn2.cellphones.com.vn/insecure/rs:fill:358:358/q:90/plain/https://cellphones.com.vn/media/catalog/product/6/5/65ls01b_1_.png
Smart Tivi di động LG Stanby Me 27inch Version 2024 27ART10CKPL.ATV,22990000.0,17490000.0,https://cellphones.com.vn/tivi-lg-stanbyme-2024-27-inch-27art10ckpl.html,https://cdn2.cellphones.com.vn/insecure/rs:fill:358:358/q:90/plain/https://cellphones.com.vn/media/catalog/product/s/m/smart_tivi_di_ng_lg_stanby_me_27inch_2024.png
Smart Tivi Samsung UHD 4K 65 INCH 2024 (65DU8000),18400000.0,13990000.0,https://cellphones.com.vn/smart-tivi-samsung-uhd-65du8000-4k-65-inch-2024.html,https://cdn2.cellphones.com.vn/insecure/rs:fill:358:358/q:90/plain/https://cellphones.com.vn/media/catalog/product/5/0/50_1_1.png
Smart Tivi LG UHD 4K 50 inch 50UQ7050,11900000.0,8290000.0,https://cellphones.com.vn/smart-tivi-lg-uhd-50uq7050-4k-50-inch.html,https://cdn2.cellphones.com.vn/insecure/rs:fill:358:358/q:90/plain/https://cellphones.com.vn/media/catalog/product/7/0/70205.png
Smart Tivi Samsung Crystal UHD 43 inch 43BU8000,11990000.0,7990000.0,https://cellphones.com.vn/smart-tivi-samsung-crystal-uhd-43-inch-43bu8000.html,https://cdn2.cellphones.com.vn/insecure/rs:fill:358:358/q:90/plain/https://cellphones.com.vn/media/catalog/product/6/5/65qn90ba_2_.png
Google Tivi Coocaa 4K 55 inch 55Y72,20000000.0,7190000.0,https://cellphones.com.vn/tivi-coocaa-4k-55-inch-55y72.html,https://cdn2.cellphones.com.vn/insecure/rs:fill:358:358/q:90/plain/https://cellphones.com.vn/media/catalog/product/s/m/smart-tivi-coocaa-hd-32-inch-32s3u_1_.png
Smart Tivi Samsung QLED 4K 65 inch 2024 (65Q60D),21900000.0,15890000.0,https://cellphones.com.vn/smart-tivi-samsung-qled-65q60d-4k-65-inch-2024.html,https://cdn2.cellphones.com.vn/insecure/rs:fill:358:358/q:90/plain/https://cellphones.com.vn/media/catalog/product/s/m/smart_tivi_qned_lg_4k_65_inch_65qned86sra_35_.png
Smart Tivi LG 4K 65 inch 65UQ8000PSC,15990000.0,12590000.0,https://cellphones.com.vn/smart-tivi-lg-65uq8000psc-4k-65-inch.html,https://cdn2.cellphones.com.vn/insecure/rs:fill:358:358/q:90/plain/https://cellphones.com.vn/media/catalog/product/s/m/smart-tivi-lg-65uq8000psc-4k-65-inch_5_.png
Smart Tivi QNED LG 4K 65 inch 65QNED80SRA,25990000.0,18990000.0,https://cellphones.com.vn/smart-tivi-qned-65qned80sra-4k-65-inch.html,https://cdn2.cellphones.com.vn/insecure/rs:fill:358:358/q:90/plain/https://cellphones.com.vn/media/catalog/product/s/m/smart-tivi-qned-65qned80sra-4k-65-inch.png
Smart Tivi Sony 4K 55 inch KD-55X75K VN3,20900000.0,14390000.0,https://cellphones.com.vn/smart-tivi-sony-4k-55-inch-kd-55x75k.html,https://cdn2.cellphones.com.vn/insecure/rs:fill:358:358/q:90/plain/https://cellphones.com.vn/media/catalog/product/s/m/smart-tivi-sony-4k-55-inch-kd-55x75k.png
Smart Tivi Samsung Crystal UHD 4K 75 inch UA75AU7700KXX,38900000.0,16990000.0,https://cellphones.com.vn/smart-tivi-samsung-crystal-uhd-4k-75-inch-ua75au7700kxxv.html,https://cdn2.cellphones.com.vn/insecure/rs:fill:358:358/q:90/plain/https://cellphones.com.vn/media/catalog/product/u/a/ua75au7700kxx_.png
Xiaomi Smart Display S Mini LED 65 inch 2025,24990000.0,17890000.0,https://cellphones.com.vn/google-tivi-xiaomi-s-mini-led-65-inch-2025.html,https://cdn2.cellphones.com.vn/insecure/rs:fill:358:358/q:90/plain/https://cellphones.com.vn/media/catalog/product/g/r/group_406_1_.png
Google Tivi Coocaa Full HD 40 inch 40Z72,7990000.0,3990000.0,https://cellphones.com.vn/google-tivi-coocaa-full-hd-40-inch-40z72.html,https://cdn2.cellphones.com.vn/insecure/rs:fill:358:358/q:90/plain/https://cellphones.com.vn/media/catalog/product/f/v/fvfv_1_.png
Smart Tivi LG OLED 4K 55 inch 2024 (55B4PSA),39990000.0,22990000.0,https://cellphones.com.vn/smart-tivi-lg-oled-55b4psa-4k-55-inch-2024.html,https://cdn2.cellphones.com.vn/insecure/rs:fill:358:358/q:90/plain/https://cellphones.com.vn/media/catalog/product/s/m/smart_tivi_qned_lg_4k_75_inch_75qned80sra.png
Smart Tivi Toshiba OLED 4K 55 inch (55X9900LP),35990000.0,15690000.0,https://cellphones.com.vn/smart-tivi-toshiba-oled-4k-55-inch-55x9900lp.html,https://cdn2.cellphones.com.vn/insecure/rs:fill:358:358/q:90/plain/https://cellphones.com.vn/media/catalog/product/g/o/google-tivi-toshiba-qled-4k-50-inch-50m550lppo-reno12-5g_7_.png
Smart Tivi Samsung khung tranh 4K 55 inch 2024 (55LS03D),27400000.0,21990000.0,https://cellphones.com.vn/smart-tivi-samsung-khung-tranh-55ls03d-4k-55-inch-2024.html,https://cdn2.cellphones.com.vn/insecure/rs:fill:358:358/q:90/plain/https://cellphones.com.vn/media/catalog/product/1/3/13_30_1.png
Thiết bị giải trí xách tay LG StanbyME Go 27 inch,22900000.0,15590000.0,https://cellphones.com.vn/tivi-lg-stanbyme-go-27-inch.html,https://cdn2.cellphones.com.vn/insecure/rs:fill:358:358/q:90/plain/https://cellphones.com.vn/media/catalog/product/7/0/70204.png
Smart Tivi LG LED 4K 55 inch 2024 (55UT8050),16990000.0,10490000.0,https://cellphones.com.vn/smart-tivi-lg-led-55ut80-4k-55-inch-2024.html,https://cdn2.cellphones.com.vn/insecure/rs:fill:358:358/q:90/plain/https://cellphones.com.vn/media/catalog/product/s/m/smart_tivi_qned_lg_4k_75_inch_75qned80sra_14_.png
Google Tivi di động Coocaa 2K 24 inch 24LP6000G,6990000.0,4490000.0,https://cellphones.com.vn/google-tivi-coocaa-2k-24-inch-24lp6000g.html,https://cdn2.cellphones.com.vn/insecure/rs:fill:358:358/q:90/plain/https://cellphones.com.vn/media/catalog/product/g/o/google-tivi-coocaa-hd-32-inch-32z73_4_.png
Smart Tivi LG QNED 4K 65 inch 2024 (65QNED80TSA),29990000.0,17990000.0,https://cellphones.com.vn/smart-tivi-lg-qned-65qned80tsa-4k-65-inch-2024.html,https://cdn2.cellphones.com.vn/insecure/rs:fill:358:358/q:90/plain/https://cellphones.com.vn/media/catalog/product/s/m/smart_tivi_qned_lg_4k_75_inch_75qned80sra_27_.png
Smart Tivi Sony 4K 65 inch KD-65X75K VN3,24900000.0,17890000.0,https://cellphones.com.vn/smart-tivi-sony-4k-65-inch-kd-65x75k.html,https://cdn2.cellphones.com.vn/insecure/rs:fill:358:358/q:90/plain/https://cellphones.com.vn/media/catalog/product/s/m/smart_tivi_samsung_qled_55_inch_55q60bak_1_.png
Xiaomi Smart Display S Mini LED 75 inch 2025,31990000.0,23890000.0,https://cellphones.com.vn/google-tivi-xiaomi-s-mini-led-75-inch-2025.html,https://cdn2.cellphones.com.vn/insecure/rs:fill:358:358/q:90/plain/https://cellphones.com.vn/media/catalog/product/g/r/group_405_1_.png
Xiaomi Max 2025 85 N36V,36990000.0,31990000.0,https://cellphones.com.vn/google-tivi-xiaomi-max-85-inch-n36v-2025.html,https://cdn2.cellphones.com.vn/insecure/rs:fill:358:358/q:90/plain/https://cellphones.com.vn/media/catalog/product/g/r/group_406.png
Xiaomi Max 2025 100 N36Z,54990000.0,49990000.0,https://cellphones.com.vn/google-tivi-xiaomi-max-100-inch-n36z-2025.html,https://cdn2.cellphones.com.vn/insecure/rs:fill:358:358/q:90/plain/https://cellphones.com.vn/media/catalog/product/g/r/group_405.png
Smart Tivi Samsung Crystal UHD 55 Inch 55BU8000,18900000.0,10490000.0,https://cellphones.com.vn/smart-tivi-samsung-crystal-uhd-55-inch-55bu8000.html,https://cdn2.cellphones.com.vn/insecure/rs:fill:358:358/q:90/plain/https://cellphones.com.vn/media/catalog/product/6/5/65qn90ba_1_.png
GIÁ TREO TIVI NORTH BAYOU 32 -55 INCH (P4),350000.0,350000.0,https://cellphones.com.vn/gia-treo-tivi-north-bayou-p4.html,https://cdn2.cellphones.com.vn/insecure/rs:fill:358:358/q:90/plain/https://cellphones.com.vn/media/catalog/product/g/i/gia-treo-tivi-north-bayou-p4_2_.png
Google Tivi Coocaa 4K 65 inch 65Y73 2024,12490000.0,11990000.0,https://cellphones.com.vn/google-tivi-coocaa-4k-65-inch-65y73.html,https://cdn2.cellphones.com.vn/insecure/rs:fill:358:358/q:90/plain/https://cellphones.com.vn/media/catalog/product/s/m/smart_tivi_qned_lg_4k_86_inch_86qned80sra_8_.png
Smart Tivi Samsung Crystal UHD 4K 43 inch 43AU7700,14400000.0,7490000.0,https://cellphones.com.vn/smart-tivi-samsung-crystal-uhd-4k-43-inch-43au7700.html,https://cdn2.cellphones.com.vn/insecure/rs:fill:358:358/q:90/plain/https://cellphones.com.vn/media/catalog/product/4/3/43au7700.png
Smart Tivi Sony 4K 43 inch KD-43X75K VN3,15960000.0,9890000.0,https://cellphones.com.vn/smart-tivi-sony-4k-43-inch-kd-43x75k.html,https://cdn2.cellphones.com.vn/insecure/rs:fill:358:358/q:90/plain/https://cellphones.com.vn/media/catalog/product/d/v/dvfvd.png
Google Tivi Coocaa HD 32 inch 32Z73,4590000.0,3490000.0,https://cellphones.com.vn/google-tivi-coocaa-hd-32-inch-32z73.html,https://cdn2.cellphones.com.vn/insecure/rs:fill:358:358/q:90/plain/https://cellphones.com.vn/media/catalog/product/s/m/smart_tivi_qned_lg_4k_86_inch_86qned80sra_15_.png
Smart Tivi LG NanoCell 4K 65 inch 2024 (65NANO81TSA),23990000.0,14990000.0,https://cellphones.com.vn/smart-tivi-lg-nanocell-65nano81tsa-4k-65-inch-2024.html,https://cdn2.cellphones.com.vn/insecure/rs:fill:358:358/q:90/plain/https://cellphones.com.vn/media/catalog/product/s/m/smart_tivi_qned_lg_4k_75_inch_75qned80sra_22_.png
Google Tivi Coocaa HD 32 inch 32Z72,5990000.0,3290000.0,https://cellphones.com.vn/google-tivi-coocaa-fhd-32-inch-32z72.html,https://cdn2.cellphones.com.vn/insecure/rs:fill:358:358/q:90/plain/https://cellphones.com.vn/media/catalog/product/f/v/fvfv_2_.png
Google Tivi Coocaa Full HD 43 inch 43Z73,5690000.0,4990000.0,https://cellphones.com.vn/google-tivi-coocaa-full-hd-43-inch-43z73.html,https://cdn2.cellphones.com.vn/insecure/rs:fill:358:358/q:90/plain/https://cellphones.com.vn/media/catalog/product/s/m/smart_tivi_qned_lg_4k_86_inch_86qned80sra_5_.png
Smart Tivi Samsung UHD 4K 50 INCH 2024 (50DU8000),14400000.0,10490000.0,https://cellphones.com.vn/smart-tivi-samsung-uhd-50du8000-4k-50-inch-2024.html,https://cdn2.cellphones.com.vn/insecure/rs:fill:358:358/q:90/plain/https://cellphones.com.vn/media/catalog/product/3/4/34_2.png
Smart Tivi Samsung Crystal UHD 85 inch 85BU8000,59900000.0,25990000.0,https://cellphones.com.vn/smart-tivi-samsung-crystal-uhd-85-inch-85bu8000.html,https://cdn2.cellphones.com.vn/insecure/rs:fill:358:358/q:90/plain/https://cellphones.com.vn/media/catalog/product/7/5/75qn90ba_5_.png
Smart Tivi NanoCell LG 4K 43 inch 43NANO76SQA,12990000.0,9990000.0,https://cellphones.com.vn/smart-tivi-nanocell-lg-4k-43-inch-43nano76sqa.html,https://cdn2.cellphones.com.vn/insecure/rs:fill:358:358/q:90/plain/https://cellphones.com.vn/media/catalog/product/6/5/65578_2_.png
GIÁ TREO TIVI NORTH BAYOU 40-80 INCH ( P6),590000.0,550000.0,https://cellphones.com.vn/gia-treo-tivi-north-bayou-p6.html,https://cdn2.cellphones.com.vn/insecure/rs:fill:358:358/q:90/plain/https://cellphones.com.vn/media/catalog/product/g/i/gia-treo-tivi-north-bayou-p6_2_.png
Smart Tivi OLED LG 4K 55 inch 55C3PSA,39990000.0,27990000.0,https://cellphones.com.vn/smart-tivi-oled-lg-55c3psa-4k-55-inch.html,https://cdn2.cellphones.com.vn/insecure/rs:fill:358:358/q:90/plain/https://cellphones.com.vn/media/catalog/product/7/1/71557.png
GIÁ TREO TIVI DI ĐỘNG NORTH BAYOU 55 -90 INCH (AVA1800-70-1P),2490000.0,2190000.0,https://cellphones.com.vn/gia-treo-tivi-di-dong-north-bayou-ava1800-70-1p.html,https://cdn2.cellphones.com.vn/insecure/rs:fill:358:358/q:90/plain/https://cellphones.com.vn/media/catalog/product/g/i/gia-treo-tivi-di-dong-north-bayou-ava1800-70-1p_5__1.png
Smart Tivi Samsung UHD 4K 43 inch 2024 (43DU8000),11400000.0,8490000.0,https://cellphones.com.vn/smart-tivi-samsung-uhd-43du8000-4k-43-inch-2024.html,https://cdn2.cellphones.com.vn/insecure/rs:fill:358:358/q:90/plain/https://cellphones.com.vn/media/catalog/product/2/2/22_5_3.png
Smart Tivi LG QNED 4K 55 inch 2024 (55QNED80TSA),22990000.0,15490000.0,https://cellphones.com.vn/smart-tivi-lg-qned-55qned80tsa-4k-55-inch-2024.html,https://cdn2.cellphones.com.vn/insecure/rs:fill:358:358/q:90/plain/https://cellphones.com.vn/media/catalog/product/s/m/smart_tivi_qned_lg_4k_75_inch_75qned80sra_26_.png
Khung treo Tivi Camel 42-65 inch cố định (CMT65),300000.0,290000.0,https://cellphones.com.vn/gia-treo-tivi-camel-cmt65-42-65-inch.html,https://cdn2.cellphones.com.vn/insecure/rs:fill:358:358/q:90/plain/https://cellphones.com.vn/media/catalog/product/g/i/gia-treo-tivi-camel-cmt65-42-65-inch_2_.png
GIÁ TREO TIVI 32 -75 INCH (C3-FG),350000.0,350000.0,https://cellphones.com.vn/gia-treo-tivi-north-bayou-c3-fg.html,https://cdn2.cellphones.com.vn/insecure/rs:fill:358:358/q:90/plain/https://cellphones.com.vn/media/catalog/product/g/i/gia-treo-tivi-north-bayou-c3-fg.png
Smart Tivi Samsung UHD 4K 75 INCH 2024 (75DU7700),27400000.0,19990000.0,https://cellphones.com.vn/smart-tivi-samsung-uhd-75du7700-4k-75-inch-2024.html,https://cdn2.cellphones.com.vn/insecure/rs:fill:358:358/q:90/plain/https://cellphones.com.vn/media/catalog/product/9/_/9_113_2.png
Smart Tivi OLED LG 4K 48 inch 48C3PSA,35990000.0,21990000.0,https://cellphones.com.vn/smart-tivi-oled-lg-48c3psa-4k-48-inch.html,https://cdn2.cellphones.com.vn/insecure/rs:fill:358:358/q:90/plain/https://cellphones.com.vn/media/catalog/product/7/1/71557_1_.png
Smart Tivi Samsung QLED 75 inch 75Q60BAK,41900000.0,18990000.0,https://cellphones.com.vn/smart-tivi-samsung-qled-75-inch-75q60bak.html,https://cdn2.cellphones.com.vn/insecure/rs:fill:358:358/q:90/plain/https://cellphones.com.vn/media/catalog/product/5/5/55_1_12.jpg
Google Tivi Sony 4K 50 inch (K-50S30),17890000.0,15690000.0,https://cellphones.com.vn/google-tivi-sony-k-50s30-4k-50-inch.html,https://cdn2.cellphones.com.vn/insecure/rs:fill:358:358/q:90/plain/https://cellphones.com.vn/media/catalog/product/g/o/google-tivi-sony-k-50s30-4k-50-inch_5_.png
Smart Tivi NanoCell LG 4K 75 inch 75NANO76SQA,39990000.0,19490000.0,https://cellphones.com.vn/smart-tivi-nanocell-lg-4k-75-inch-75nano76sqa.html,https://cdn2.cellphones.com.vn/insecure/rs:fill:358:358/q:90/plain/https://cellphones.com.vn/media/catalog/product/7/5/75nano76sqa_.png
Smart Tivi LG OLED 4K 55 inch (55A3PSA),33990000.0,18990000.0,https://cellphones.com.vn/smart-tivi-oled-lg-55a3psa-4k-55-inch.html,https://cdn2.cellphones.com.vn/insecure/rs:fill:358:358/q:90/plain/https://cellphones.com.vn/media/catalog/product/7/1/71559.png
Smart Tivi Samsung Neo QLED 4K 55 inch QA55QN90C,29990000.0,22490000.0,https://cellphones.com.vn/smart-tivi-samsung-neo-qled-qa55qn90c-4k-55-inch.html,https://cdn2.cellphones.com.vn/insecure/rs:fill:358:358/q:90/plain/https://cellphones.com.vn/media/catalog/product/q/a/qa55qn90c_.png
Smart Tivi OLED LG 8K 88 inch 88Z3PSA,890000000.0,780000000.0,https://cellphones.com.vn/smart-tivi-oled-lg-88z3psa-8k-88-inch.html,https://cdn2.cellphones.com.vn/insecure/rs:fill:358:358/q:90/plain/https://cellphones.com.vn/media/catalog/product/8/8/88z3psa.png
Smart Tivi Samsung UHD 4K 75 INCH 2024 (75DU8000),29400000.0,21990000.0,https://cellphones.com.vn/smart-tivi-samsung-uhd-75du8000-4k-75-inch-2024.html,https://cdn2.cellphones.com.vn/insecure/rs:fill:358:358/q:90/plain/https://cellphones.com.vn/media/catalog/product/3/5/35_2_2.png
Smart Tivi Samsung Neo QLED 8K 85 inch 85QN900B,219900000.0,140900000.0,https://cellphones.com.vn/smart-tivi-samsung-neo-qled-8k-85-inch-85qn900b.html,https://cdn2.cellphones.com.vn/insecure/rs:fill:358:358/q:90/plain/https://cellphones.com.vn/media/catalog/product/s/m/smart-tivi-samsung-neo-qled-8k-85-inch-85qn900b.png
Smart Tivi OLED evo LG 4K 65 inch 65G3PSA,74900000.0,56890000.0,https://cellphones.com.vn/smart-tivi-oled-evo-lg-65g3psa-4k-65-inch.html,https://cdn2.cellphones.com.vn/insecure/rs:fill:358:358/q:90/plain/https://cellphones.com.vn/media/catalog/product/7/1/71551d.png
Smart Tivi OLED Samsung 4K 65 inch QA65S95B,56890000.0,53900000.0,https://cellphones.com.vn/smart-tivi-samsung-oled-4k-65-inch-qa65s95b.html,https://cdn2.cellphones.com.vn/insecure/rs:fill:358:358/q:90/plain/https://cellphones.com.vn/media/catalog/product/q/a/qa65s95b.png
Google Tivi Sony 4K 65 inch KD-65X80L,27600000.0,19790000.0,https://cellphones.com.vn/google-tivi-sony-kd-65x80l-4k-65-inch.html,https://cdn2.cellphones.com.vn/insecure/rs:fill:358:358/q:90/plain/https://cellphones.com.vn/media/catalog/product/g/o/google-tivi-sony-kd-43x80l-4k-43-inch_1_1_1.png
Google Tivi Sony 4K 55 inch XR-55X90L,29890000.0,28290000.0,https://cellphones.com.vn/google-tivi-sony-xr-55x90l-4k-55-inch.html,https://cdn2.cellphones.com.vn/insecure/rs:fill:358:358/q:90/plain/https://cellphones.com.vn/media/catalog/product/g/o/google-tivi-sony-xr-55x90l-4k-55-inch_8_.png
Smart Tivi Samsung UHD 4K 75 INCH 2024,29900000.0,26990000.0,https://cellphones.com.vn/smart-tivi-samsung-uhd-75du8500-4k-75-inch-2024.html,https://cdn2.cellphones.com.vn/insecure/rs:fill:358:358/q:90/plain/https://cellphones.com.vn/media/catalog/product/2/1/21_7_3.png
Smart Tivi QNED LG 4K 65 inch 65QNED86SRA,54900000.0,38890000.0,https://cellphones.com.vn/smart-tivi-qned-65qned86sra-4k-65-inch.html,https://cdn2.cellphones.com.vn/insecure/rs:fill:358:358/q:90/plain/https://cellphones.com.vn/media/catalog/product/s/m/smart-tivi-qned-65qned86sra-4k-65-inch_1_.png
Smart Tivi Samsung Neo QLED 8K 85 inch 2024 (85QN900D),219900000.0,139990000.0,https://cellphones.com.vn/smart-tivi-samsung-neo-qled-85qn900d-8k-85-inch-2024.html,https://cdn2.cellphones.com.vn/insecure/rs:fill:358:358/q:90/plain/https://cellphones.com.vn/media/catalog/product/s/m/smart_tivi_samsung_neo_qled_4k_85_inch_85qn85ba.png
Google Tivi Sony 4K 75 inch KD-75X80L,35990000.0,27990000.0,https://cellphones.com.vn/google-tivi-sony-kd-75x80l-4k-75-inch.html,https://cdn2.cellphones.com.vn/insecure/rs:fill:358:358/q:90/plain/https://cellphones.com.vn/media/catalog/product/g/o/google-tivi-sony-kd-75x80l-4k-75-inch_6_.png
Khung treo Tivi Camel 19-40 inch KTT40TT,250000.0,250000.0,https://cellphones.com.vn/khung-treo-tivi-camel-19-40-inch-ktt40tt.html,https://cdn2.cellphones.com.vn/insecure/rs:fill:358:358/q:90/plain/https://cellphones.com.vn/media/catalog/product/4/0/40_1_42.jpg
Smart Tivi LG LED 4K 75 inch 2024 (75UT80),30990000.0,21490000.0,https://cellphones.com.vn/smart-tivi-lg-led-75ut80-4k-75-inch-2024.html,https://cdn2.cellphones.com.vn/insecure/rs:fill:358:358/q:90/plain/https://cellphones.com.vn/media/catalog/product/s/m/smart_tivi_qned_lg_4k_75_inch_75qned80sra_16_.png
Google Tivi OLED Sony 4K 55 inch XR-55A80L,52000000.0,39990000.0,https://cellphones.com.vn/google-tivi-oled-sony-xr-55a80l-4k-55-inch.html,https://cdn2.cellphones.com.vn/insecure/rs:fill:358:358/q:90/plain/https://cellphones.com.vn/media/catalog/product/g/o/google-tivi-oled-sony-xr-55a80l-4k-55-inch_8_.png
Smart Tivi OLED LG 4K 65 inch 65C3PSA,59990000.0,39990000.0,https://cellphones.com.vn/smart-tivi-oled-lg-65c3psa-4k-65-inch.html,https://cdn2.cellphones.com.vn/insecure/rs:fill:358:358/q:90/plain/https://cellphones.com.vn/media/catalog/product/7/1/71556.png
Smart Tivi QNED LG 4K 75 inch 75QNED80SRA,44900000.0,28890000.0,https://cellphones.com.vn/smart-tivi-qned-75qned80sra-4k-75-inch.html,https://cdn2.cellphones.com.vn/insecure/rs:fill:358:358/q:90/plain/https://cellphones.com.vn/media/catalog/product/s/m/smart-tivi-qned-75qned80sra-4k-75-inch_5_.png
Smart Tivi Samsung Neo QLED 4K 55 inch 2024 (55QN90D),44900000.0,31990000.0,https://cellphones.com.vn/smart-tivi-samsung-neo-qled-55qn90d-4k-55-inch-2024.html,https://cdn2.cellphones.com.vn/insecure/rs:fill:358:358/q:90/plain/https://cellphones.com.vn/media/catalog/product/s/m/smart_tivi_samsung_neo_qled_4k_85_inch_85qn85ba_22_.png
Smart Tivi LG OLED Evo 4K 65 inch 2024 (65C4PSA),69990000.0,45990000.0,https://cellphones.com.vn/smart-tivi-lg-oled-evo-65c4psa-4k-65-inch-2024.html,https://cdn2.cellphones.com.vn/insecure/rs:fill:358:358/q:90/plain/https://cellphones.com.vn/media/catalog/product/s/m/smart_tivi_qned_lg_4k_75_inch_75qned80sra_5_.png
Smart Tivi Samsung Neo QLED 4K 65 inch 2024 (65QN85D),44900000.0,29990000.0,https://cellphones.com.vn/smart-tivi-samsung-neo-qled-65qn85d-4k-65-inch-2024.html,https://cdn2.cellphones.com.vn/insecure/rs:fill:358:358/q:90/plain/https://cellphones.com.vn/media/catalog/product/s/m/smart_tivi_qned_lg_4k_65_inch_65qned86sra_19_.png
Khung treo Tivi Camel 65-85 inch cố định (CMT85),400000.0,400000.0,https://cellphones.com.vn/gia-treo-tivi-camel-65-85-inch-cmt85.html,https://cdn2.cellphones.com.vn/insecure/rs:fill:358:358/q:90/plain/https://cellphones.com.vn/media/catalog/product/g/i/gia-treo-tivi-camel-65-85-inch-cmt85_1_.png
Smart Tivi Samsung Neo QLED 4K 65 inch 2024 (65QN85D),44900000.0,29990000.0,https://cellphones.com.vn/smart-tivi-samsung-neo-qled-65qn85d-4k-65-inch-2024.html,https://cdn2.cellphones.com.vn/insecure/rs:fill:358:358/q:90/plain/https://cellphones.com.vn/media/catalog/product/s/m/smart_tivi_qned_lg_4k_65_inch_65qned86sra_19_.png
Google Tivi OLED Sony 4K 48 inch XR-48A90K,41890000.0,32900000.0,https://cellphones.com.vn/google-tivi-oled-sony-xr-48a90k-4k-48-inch.html,https://cdn2.cellphones.com.vn/insecure/rs:fill:358:358/q:90/plain/https://cellphones.com.vn/media/catalog/product/g/o/google-tivi-oled-sony-xr-48a90k-4k-48-inch_4_.png
Smart Tivi Samsung QLED 85 inch 85Q60BAK,46900000.0,30990000.0,https://cellphones.com.vn/smart-tivi-samsung-qled-85-inch-85q60bak.html,https://cdn2.cellphones.com.vn/insecure/rs:fill:358:358/q:90/plain/https://cellphones.com.vn/media/catalog/product/m/a/mart-tivi-samsung-qled-85-inch-85q60bak.png
Smart Tivi Samsung Crystal UHD 4K 75 Inch 75BU8000,35900000.0,25890000.0,https://cellphones.com.vn/smart-tivi-samsung-crystal-uhd-75-inch-75bu8000.html,https://cdn2.cellphones.com.vn/insecure/rs:fill:358:358/q:90/plain/https://cellphones.com.vn/media/catalog/product/7/5/75bu8000.png
Smart Tivi LG NanoCell 4K 75 inch 2024 (75NANO81TSA),36990000.0,21990000.0,https://cellphones.com.vn/smart-tivi-lg-nanocell-75nano81tsa-4k-75-inch-2024.html,https://cdn2.cellphones.com.vn/insecure/rs:fill:358:358/q:90/plain/https://cellphones.com.vn/media/catalog/product/s/m/smart_tivi_qned_lg_4k_75_inch_75qned80sra_23_.png
Smart Tivi LG LED 4K 86 inch 2024 (86UT8050),49990000.0,29000000.0,https://cellphones.com.vn/smart-tivi-lg-led-86ut80-4k-86-inch-2024.html,https://cdn2.cellphones.com.vn/insecure/rs:fill:358:358/q:90/plain/https://cellphones.com.vn/media/catalog/product/s/m/smart_tivi_qned_lg_4k_75_inch_75qned80sra_17_.png
Google Tivi Sony 4K 85 inch KD-85X80L,45990000.0,37990000.0,https://cellphones.com.vn/google-tivi-sony-kd-85x80l-4k-85-inch.html,https://cdn2.cellphones.com.vn/insecure/rs:fill:358:358/q:90/plain/https://cellphones.com.vn/media/catalog/product/g/o/google-tivi-sony-kd-75x80l-4k-75-inch_7_.png
Smart Tivi Khung Tranh The Frame 4K Samsung LTV 75 inch 75LS03BA,57900000.0,41900000.0,https://cellphones.com.vn/smart-tivi-khung-tranh-samsung-the-frame-ltv-4k-75-inch-75ls03ba.html,https://cdn2.cellphones.com.vn/insecure/rs:fill:358:358/q:90/plain/https://cellphones.com.vn/media/catalog/product/s/m/smart-tivi-khung-tranh-samsung-the-frame-ltv-4k-75-inch-75ls03ba.png
Smart Tivi Samsung QLED 4K 75 inch 2024,37900000.0,34190000.0,https://cellphones.com.vn/smart-tivi-samsung-qled-75qe1d-4k-75-inch-2024.html,https://cdn2.cellphones.com.vn/insecure/rs:fill:358:358/q:90/plain/https://cellphones.com.vn/media/catalog/product/4/9/49_1_1.png
Smart Tivi LG OLED 4K 48 inch (48A3PSA),29990000.0,21990000.0,https://cellphones.com.vn/smart-tivi-oled-lg-48a3psa-4k-48-inch.html,https://cdn2.cellphones.com.vn/insecure/rs:fill:358:358/q:90/plain/https://cellphones.com.vn/media/catalog/product/s/m/smart-tivi-oled-lg-48a3psa-4k-48-inch.png
Smart Tivi Samsung Neo QLED 4K 75 inch 2024 (75QN90D),84900000.0,62990000.0,https://cellphones.com.vn/smart-tivi-samsung-neo-qled-75qn90d-4k-75-inch-2024.html,https://cdn2.cellphones.com.vn/insecure/rs:fill:358:358/q:90/plain/https://cellphones.com.vn/media/catalog/product/s/m/smart_tivi_samsung_neo_qled_4k_85_inch_85qn85ba_20_.png
Smart Tivi LG OLED 4K 65 INCH 2024 (65B4PSA),59990000.0,33990000.0,https://cellphones.com.vn/smart-tivi-lg-oled-65b4psa-4k-65-inch-2024.html,https://cdn2.cellphones.com.vn/insecure/rs:fill:358:358/q:90/plain/https://cellphones.com.vn/media/catalog/product/s/m/smart_tivi_qned_lg_4k_75_inch_75qned80sra_1_.png
Smart Tivi LG 4K 75 inch 75UR9050PSK,25990000.0,19990000.0,https://cellphones.com.vn/smart-tivi-lg-75ur9050psk-4k-75-inch.html,https://cdn2.cellphones.com.vn/insecure/rs:fill:358:358/q:90/plain/https://cellphones.com.vn/media/catalog/product/s/m/smart-tivi-lg-75ur9050psk-4k-75-inch_6_.png
Smart Tivi OLED Samsung 4K 55 inch QA55S95B,43890000.0,41900000.0,https://cellphones.com.vn/smart-tivi-samsung-oled-4k-55-inch-qa55s95b.html,https://cdn2.cellphones.com.vn/insecure/rs:fill:358:358/q:90/plain/https://cellphones.com.vn/media/catalog/product/q/a/qa55s95b_.png
Smart Tivi QNED LG 4K 86 inch 86QNED80SRA,64900000.0,44890000.0,https://cellphones.com.vn/smart-tivi-qned-86qned80sra-4k-86-inch.html,https://cdn2.cellphones.com.vn/insecure/rs:fill:358:358/q:90/plain/https://cellphones.com.vn/media/catalog/product/s/m/smart-tivi-qned-86qned80sra-4k-86-inch.png
Smart Tivi LG OLED Evo 4K 77 inch 2024 (77C4PSA),109990000.0,66990000.0,https://cellphones.com.vn/smart-tivi-lg-oled-evo-77c4psa-4k-77-inch-2024.html,https://cdn2.cellphones.com.vn/insecure/rs:fill:358:358/q:90/plain/https://cellphones.com.vn/media/catalog/product/s/m/smart_tivi_qned_lg_4k_65_inch_65qned80sra.png
Smart Tivi LG QNED 4K 75 inch 2024 (75QNED86TSA),49990000.0,31990000.0,https://cellphones.com.vn/smart-tivi-lg-qned-75qned86tsa-4k-75-inch-2024.html,https://cdn2.cellphones.com.vn/insecure/rs:fill:358:358/q:90/plain/https://cellphones.com.vn/media/catalog/product/s/m/smart_tivi_qned_lg_4k_75_inch_75qned80sra_31_.png
Khung treo máy chiếu North Bayou NBT817-60,490000.0,450000.0,https://cellphones.com.vn/gia-treo-may-chieu-north-bayou-nbt817-60.html,https://cdn2.cellphones.com.vn/insecure/rs:fill:358:358/q:90/plain/https://cellphones.com.vn/media/catalog/product/g/i/gia-treo-may-chieu-north-bayou-nbt817-60.png
Smart Tivi LG QNED 4K 75 inch 2024 (75QNED80TSA),43990000.0,27990000.0,https://cellphones.com.vn/smart-tivi-lg-qned-75qned80tsa-4k-75-inch-2024.html,https://cdn2.cellphones.com.vn/insecure/rs:fill:358:358/q:90/plain/https://cellphones.com.vn/media/catalog/product/s/m/smart_tivi_qned_lg_4k_65_inch_65qned86sra_16_.png
Smart Tivi Samsung OLED 4K 77 inch 2024 (77S95D),109900000.0,82990000.0,https://cellphones.com.vn/smart-tivi-samsung-oled-77s95d-4k-77-inch-2024.html,https://cdn2.cellphones.com.vn/insecure/rs:fill:358:358/q:90/plain/https://cellphones.com.vn/media/catalog/product/s/m/smart_tivi_samsung_neo_qled_4k_85_inch_85qn85ba_13_.png
Smart Tivi Samsung Neo QLED 4K 65 inch 2024 (65QN90D),54900000.0,38990000.0,https://cellphones.com.vn/smart-tivi-samsung-neo-qled-65qn90d-4k-65-inch-2024.html,https://cdn2.cellphones.com.vn/insecure/rs:fill:358:358/q:90/plain/https://cellphones.com.vn/media/catalog/product/s/m/smart_tivi_samsung_neo_qled_4k_85_inch_85qn85ba_10_.png
Smart Tivi Samsung Neo QLED 4K 98 inch 2024 (98QN90D),179900000.0,129990000.0,https://cellphones.com.vn/smart-tivi-samsung-neo-qled-98qn90d-4k-98-inch-2024.html,https://cdn2.cellphones.com.vn/insecure/rs:fill:358:358/q:90/plain/https://cellphones.com.vn/media/catalog/product/s/m/smart_tivi_samsung_neo_qled_4k_85_inch_85qn85ba_17_.png
Smart Tivi LG OLED Evo 4K 65 inch 2024 (65G4PSA),74990000.0,53990000.0,https://cellphones.com.vn/smart-tivi-lg-oled-evo-65g4psa-4k-65-inch-2024.html,https://cdn2.cellphones.com.vn/insecure/rs:fill:358:358/q:90/plain/https://cellphones.com.vn/media/catalog/product/s/m/smart_tivi_qned_lg_4k_65_inch_65qned86sra_1_.png
Smart Tivi Samsung QLED 4K 85 inch 2024 (85Q70D),64900000.0,43990000.0,https://cellphones.com.vn/smart-tivi-samsung-qled-85q70d-4k-85-inch-2024.html,https://cdn2.cellphones.com.vn/insecure/rs:fill:358:358/q:90/plain/https://cellphones.com.vn/media/catalog/product/s/m/smart_tivi_qned_lg_4k_65_inch_65qned86sra_25__2.png
Smart Tivi Samsung Neo QLED 4K 98 inch 98QN90AA,179890000.0,99990000.0,https://cellphones.com.vn/smart-tivi-samsung-neo-qled-4k-98-inch-98qn90aa.html,https://cdn2.cellphones.com.vn/insecure/rs:fill:358:358/q:90/plain/https://cellphones.com.vn/media/catalog/product/s/m/smart_tivi_samsung_neo_qled_4k_98_inch_98qn90aa.png
Smart Tivi LG NanoCell 4K 86 inch 2024 (86NANO81TSA),59990000.0,37990000.0,https://cellphones.com.vn/smart-tivi-lg-nanocell-86nano81tsa-4k-86-inch-2024.html,https://cdn2.cellphones.com.vn/insecure/rs:fill:358:358/q:90/plain/https://cellphones.com.vn/media/catalog/product/s/m/smart_tivi_qned_lg_4k_75_inch_75qned80sra_24_.png
Smart Tivi OLED LG 4K 77 inch 77C3PSA,99900000.0,79990000.0,https://cellphones.com.vn/smart-tivi-oled-lg-77c3psa-4k-77-inch.html,https://cdn2.cellphones.com.vn/insecure/rs:fill:358:358/q:90/plain/https://cellphones.com.vn/media/catalog/product/7/1/71555.png
Smart Tivi LG OLED Evo 4K 83 inch 2024 (83C4PSA),149990000.0,124990000.0,https://cellphones.com.vn/smart-tivi-lg-oled-evo-83c4psa-4k-83-inch-2024.html,https://cdn2.cellphones.com.vn/insecure/rs:fill:358:358/q:90/plain/https://cellphones.com.vn/media/catalog/product/s/m/smart_tivi_qned_lg_4k_75_inch_75qned80sra_6_.png
Smart Tivi LG QNED 4K 86 inch 2024 (86QNED80TSA),63990000.0,48990000.0,https://cellphones.com.vn/smart-tivi-lg-qned-86qned80tsa-4k-86-inch-2024.html,https://cdn2.cellphones.com.vn/insecure/rs:fill:358:358/q:90/plain/https://cellphones.com.vn/media/catalog/product/s/m/smart_tivi_qned_lg_4k_75_inch_75qned80sra_28_.png
Smart Tivi OLED LG 4K 83 inch 83C3PSA,149000000.0,111890000.0,https://cellphones.com.vn/smart-tivi-oled-lg-83c3psa-4k-83-inch.html,https://cdn2.cellphones.com.vn/insecure/rs:fill:358:358/q:90/plain/https://cellphones.com.vn/media/catalog/product/7/1/71554.png
Smart Tivi Samsung Neo QLED 8K 85 inch QA85QN800C,169990000.0,94990000.0,https://cellphones.com.vn/smart-tivi-samsung-neo-qled-qa85qn800c-8k-85-inch.html,https://cdn2.cellphones.com.vn/insecure/rs:fill:358:358/q:90/plain/https://cellphones.com.vn/media/catalog/product/q/a/qa85qn800c_.png
Smart Tivi Samsung QLED 4K 75 inch 2024 (75Q70D),39900000.0,26990000.0,https://cellphones.com.vn/smart-tivi-samsung-qled-75q70d-4k-75-inch-2024.html,https://cdn2.cellphones.com.vn/insecure/rs:fill:358:358/q:90/plain/https://cellphones.com.vn/media/catalog/product/s/m/smart_tivi_qned_lg_4k_65_inch_65qned86sra_26_.png
Smart Tivi Sony 4K 77 inch XR-77A80K VN3,99900000.0,79990000.0,https://cellphones.com.vn/smart-tivi-sony-4k-77-inch-xr-77a80k.html,https://cdn2.cellphones.com.vn/insecure/rs:fill:358:358/q:90/plain/https://cellphones.com.vn/media/catalog/product/s/m/smart_tivi_sony_4k_77_inch_xr-77a80k_vn3.png
Smart Tivi Samsung Neo QLED 4K 85 inch 2024 (85QN90D),119900000.0,89990000.0,https://cellphones.com.vn/smart-tivi-samsung-neo-qled-85qn90d-4k-85-inch-2024.html,https://cdn2.cellphones.com.vn/insecure/rs:fill:358:358/q:90/plain/https://cellphones.com.vn/media/catalog/product/s/m/smart_tivi_samsung_neo_qled_4k_85_inch_85qn85ba_21_.png
Smart Tivi QNED LG 4K 75 inch 75QNED86SRA,79900000.0,59990000.0,https://cellphones.com.vn/smart-tivi-qned-75qned86sra-4k-75-inch.html,https://cdn2.cellphones.com.vn/insecure/rs:fill:358:358/q:90/plain/https://cellphones.com.vn/media/catalog/product/s/m/smart-tivi-qned-75qned86sra-4k-75-inch_5_.png
Smart Tivi Samsung QLED 4K 85 inch 2024 (85Q80D),72900000.0,48990000.0,https://cellphones.com.vn/smart-tivi-samsung-qled-85q80d-4k-85-inch-2024.html,https://cdn2.cellphones.com.vn/insecure/rs:fill:358:358/q:90/plain/https://cellphones.com.vn/media/catalog/product/s/m/smart_tivi_qned_lg_4k_65_inch_65qned86sra_21_.png
Smart Tivi Samsung QLED 4K 98 inch QA98Q80C,99990000.0,92290000.0,https://cellphones.com.vn/smart-tivi-samsung-qled-qa98q80c-4k-98-inch.html,https://cdn2.cellphones.com.vn/insecure/rs:fill:358:358/q:90/plain/https://cellphones.com.vn/media/catalog/product/q/a/qa98q80c_.png
Smart Tivi Samsung Neo QLED 4K 85 inch QA85QN85C,79990000.0,60790000.0,https://cellphones.com.vn/smart-tivi-samsung-neo-qled-qa85qn85c-4k-85-inch.html,https://cdn2.cellphones.com.vn/insecure/rs:fill:358:358/q:90/plain/https://cellphones.com.vn/media/catalog/product/q/a/qa85qn85c_.png
Smart Tivi Samsung QLED 4K 75 inch 2024 (75Q80D),48900000.0,33990000.0,https://cellphones.com.vn/smart-tivi-samsung-qled-75q80d-4k-75-inch-2024.html,https://cdn2.cellphones.com.vn/insecure/rs:fill:358:358/q:90/plain/https://cellphones.com.vn/media/catalog/product/s/m/smart_tivi_qned_lg_4k_65_inch_65qned86sra_22_.png
Smart Tivi Samsung Neo QLED 4K 65 inch QA65QN85C,39990000.0,30590000.0,https://cellphones.com.vn/smart-tivi-samsung-neo-qled-qa65qn85c-4k-65-inch.html,https://cdn2.cellphones.com.vn/insecure/rs:fill:358:358/q:90/plain/https://cellphones.com.vn/media/catalog/product/q/a/qa65qn85c.png
Smart Tivi Samsung Neo QLED 4K 75 inch 2024 (75QN85D),66900000.0,46990000.0,https://cellphones.com.vn/smart-tivi-samsung-neo-qled-75qn85d-4k-75-inch-2024.html,https://cdn2.cellphones.com.vn/insecure/rs:fill:358:358/q:90/plain/https://cellphones.com.vn/media/catalog/product/s/m/smart_tivi_qned_lg_4k_65_inch_65qned86sra_18_.png
Smart Tivi Samsung QLED 4K 85 inch QA85Q70C,49990000.0,38990000.0,https://cellphones.com.vn/smart-tivi-samsung-qled-qa85q70c-4k-85-inch.html,https://cdn2.cellphones.com.vn/insecure/rs:fill:358:358/q:90/plain/https://cellphones.com.vn/media/catalog/product/s/m/smart-tivi-samsung-qled-qa85q70c-4k-85-inch.png
Smart Tivi Samsung Neo QLED 4K 85 inch 2024 (85QN85D),99900000.0,58990000.0,https://cellphones.com.vn/smart-tivi-samsung-neo-qled-85qn85d-4k-85-inch-2024.html,https://cdn2.cellphones.com.vn/insecure/rs:fill:358:358/q:90/plain/https://cellphones.com.vn/media/catalog/product/s/m/smart_tivi_qned_lg_4k_65_inch_65qned86sra_17_.png
Smart Tivi Samsung OLED 4K 77 inch QA77S90CA,69990000.0,57990000.0,https://cellphones.com.vn/smart-tivi-samsung-oled-qa77s90ca-4k-77-inch.html,https://cdn2.cellphones.com.vn/insecure/rs:fill:358:358/q:90/plain/https://cellphones.com.vn/media/catalog/product/q/a/qa77s90ca.png
Smart Tivi Samsung QLED 4K 75 inch QA75Q80C,29990000.0,27490000.0,https://cellphones.com.vn/smart-tivi-samsung-qled-qa75q80c-4k-75-inch.html,https://cdn2.cellphones.com.vn/insecure/rs:fill:358:358/q:90/plain/https://cellphones.com.vn/media/catalog/product/s/m/smart-tivi-samsung-qled-qa75q80c-4k-75-inch.png
Smart Tivi Samsung UHD 4K 75 inch 2024 (75DU7000),25900000.0,23390000.0,https://cellphones.com.vn/smart-tivi-samsung-uhd-75du7000-4k-75-inch-2024.html,https://cdn2.cellphones.com.vn/insecure/rs:fill:358:358/q:90/plain/https://cellphones.com.vn/media/catalog/product/1/_/1_687_1.png
Smart Tivi Samsung UHD 4K 98 INCH 2024,98900000.0,57990000.0,https://cellphones.com.vn/smart-tivi-samsung-uhd-98du9000-4k-98-inch-2024.html,https://cdn2.cellphones.com.vn/insecure/rs:fill:358:358/q:90/plain/https://cellphones.com.vn/media/catalog/product/4/1/41_1_1.png
Tivi Xiaomi A Pro 65 inch 4K,14990000.0,12490000.0,https://cellphones.com.vn/tivi-xiaomi-a-pro-65-inch-4k.html,https://cdn2.cellphones.com.vn/insecure/rs:fill:358:358/q:90/plain/https://cellphones.com.vn/media/catalog/product/t/i/tivi_xiaomi_a_pro_65_inch_4k.png
Smart Tivi NanoCell LG 4K 65 inch 65NANO76SQA,29900000.0,13690000.0,https://cellphones.com.vn/smart-tivi-nanocell-lg-4k-65-inch-65nano76sqa.html,https://cdn2.cellphones.com.vn/insecure/rs:fill:358:358/q:90/plain/https://cellphones.com.vn/media/catalog/product/d/v/dvv_1_1.png
Smart Tivi Samsung Crystal UHD 4K 65 inch 65AU7700,26900000.0,11990000.0,https://cellphones.com.vn/smart-tivi-samsung-crystal-uhd-4k-65-inch-65au7700.html,https://cdn2.cellphones.com.vn/insecure/rs:fill:358:358/q:90/plain/https://cellphones.com.vn/media/catalog/product/s/m/smart-tivi-samsung-crystal-uhd-4k-65-inch-65au7700.png
Smart Tivi Samsung khung tranh 4K 75 inch 2024 (75LS03D),51900000.0,34990000.0,https://cellphones.com.vn/smart-tivi-samsung-khung-tranh-75ls03d-4k-75-inch-2024.html,https://cdn2.cellphones.com.vn/insecure/rs:fill:358:358/q:90/plain/https://cellphones.com.vn/media/catalog/product/s/m/smart_tivi_oled_lg_4k_48_inch_1.png
Google Tivi Sony 4K 55 inch KD-55X80L,21900000.0,14990000.0,https://cellphones.com.vn/google-tivi-sony-kd-55x80l-4k-55-inch.html,https://cdn2.cellphones.com.vn/insecure/rs:fill:358:358/q:90/plain/https://cellphones.com.vn/media/catalog/product/g/o/google-tivi-sony-kd-43x80l-4k-43-inch_1_1.png
Xiaomi Smart Display Max 86 inch - Chỉ có tại CellphoneS,29990000.0,26690000.0,https://cellphones.com.vn/tivi-xiaomi-redmi-max-86-inch.html,https://cdn2.cellphones.com.vn/insecure/rs:fill:358:358/q:90/plain/https://cellphones.com.vn/media/catalog/product/t/i/tivi-xiaomi-redmi-max-86-inch_11_.png
Smart Google Tivi Coocaa 4K 70 inch 70C9,25000000.0,8990000.0,https://cellphones.com.vn/google-tivi-coocaa-4k-70-inch-70c9.html,https://cdn2.cellphones.com.vn/insecure/rs:fill:358:358/q:90/plain/https://cellphones.com.vn/media/catalog/product/f/v/fvfv.png
Smart Tivi Sony 4K 50 inch KD-50X75K VN3,19180000.0,13390000.0,https://cellphones.com.vn/smart-tivi-sony-4k-50-inch-kd-50x75k.html,https://cdn2.cellphones.com.vn/insecure/rs:fill:358:358/q:90/plain/https://cellphones.com.vn/media/catalog/product/m/a/mart-tivi-sony-4k-50-inch-kd-50x75k.h.png
Smart Tivi Samsung QLED 4K 75 inch 2024 (75Q60D),33900000.0,21990000.0,https://cellphones.com.vn/smart-tivi-samsung-qled-75q60d-4k-75-inch-2024.html,https://cdn2.cellphones.com.vn/insecure/rs:fill:358:358/q:90/plain/https://cellphones.com.vn/media/catalog/product/s/m/smart_tivi_qned_lg_4k_65_inch_65qned86sra_34_.png
Smart Tivi Samsung QLED 65 inch 65Q60BAK,28900000.0,12990000.0,https://cellphones.com.vn/smart-tivi-samsung-qled-65-inch-65q60bak.html,https://cdn2.cellphones.com.vn/insecure/rs:fill:358:358/q:90/plain/https://cellphones.com.vn/media/catalog/product/6/5/65q60bak.png
Google Tivi Sony 4K 43 inch KD-43X80L,18500000.0,10990000.0,https://cellphones.com.vn/google-tivi-sony-kd-43x80l-4k-43-inch.html,https://cdn2.cellphones.com.vn/insecure/rs:fill:358:358/q:90/plain/https://cellphones.com.vn/media/catalog/product/g/o/google-tivi-sony-kd-43x80l-4k-43-inch.png
Tivi Xiaomi A 55 inch 4K,10990000.0,8990000.0,https://cellphones.com.vn/tivi-xiaomi-a-55-inch-4k.html,https://cdn2.cellphones.com.vn/insecure/rs:fill:358:358/q:90/plain/https://cellphones.com.vn/media/catalog/product/t/i/tivi_xiaomi_a_55_inch_4k.png
Smart Tivi LG QNED 4K 55 inch 2024 (55QNED86TSA),27990000.0,16490000.0,https://cellphones.com.vn/smart-tivi-lg-qned-55qned86tsa-4k-55-inch-2024.html,https://cdn2.cellphones.com.vn/insecure/rs:fill:358:358/q:90/plain/https://cellphones.com.vn/media/catalog/product/s/m/smart_tivi_qned_lg_4k_75_inch_75qned80sra_29_.png
GIÁ TREO TIVI THẢ TRẦN NORTH BAYOU 32 - 75 INCH ( T560-15),690000.0,650000.0,https://cellphones.com.vn/gia-treo-tivi-tha-tran-north-bayou-t560-15.html,https://cdn2.cellphones.com.vn/insecure/rs:fill:358:358/q:90/plain/https://cellphones.com.vn/media/catalog/product/g/i/gia-treo-tivi-tha-tran-north-bayou-t560-15_1_.png
Smart Tivi LG LED 4K 65 inch 2024 (65UT8050),19990000.0,12990000.0,https://cellphones.com.vn/smart-tivi-lg-led-65ut80-4k-65-inch-2024.html,https://cdn2.cellphones.com.vn/insecure/rs:fill:358:358/q:90/plain/https://cellphones.com.vn/media/catalog/product/s/m/smart_tivi_qned_lg_4k_75_inch_75qned80sra_15_.png
Smart Tivi LG LED 4K 43 inch 2024 (43UT8050),11990000.0,8990000.0,https://cellphones.com.vn/smart-tivi-lg-led-43ut80-4k-43-inch-2024.html,https://cdn2.cellphones.com.vn/insecure/rs:fill:358:358/q:90/plain/https://cellphones.com.vn/media/catalog/product/s/m/smart_tivi_qned_lg_4k_75_inch_75qned80sra_12_.png
Smart Tivi LG QNED 4K 65 inch 2024 (65QNED86TSA),34990000.0,21990000.0,https://cellphones.com.vn/smart-tivi-lg-qned-65qned86tsa-4k-65-inch-2024.html,https://cdn2.cellphones.com.vn/insecure/rs:fill:358:358/q:90/plain/https://cellphones.com.vn/media/catalog/product/s/m/smart_tivi_qned_lg_4k_75_inch_75qned80sra_30_.png
Smart Tivi LG NanoCell 4K 50 inch 2024 (50NANO81TSA),16490000.0,12490000.0,https://cellphones.com.vn/smart-tivi-lg-nanocell-50nano81tsa-4k-50-inch-2024.html,https://cdn2.cellphones.com.vn/insecure/rs:fill:358:358/q:90/plain/https://cellphones.com.vn/media/catalog/product/s/m/smart_tivi_qned_lg_4k_75_inch_75qned80sra_20_.png
Google Tivi Coocaa 4K 50 inch 50Y73 2024,7990000.0,6990000.0,https://cellphones.com.vn/google-tivi-coocaa-4k-50-inch-50y73.html,https://cdn2.cellphones.com.vn/insecure/rs:fill:358:358/q:90/plain/https://cellphones.com.vn/media/catalog/product/s/m/smart_tivi_qned_lg_4k_86_inch_86qned80sra_6_.png
Smart Tivi LG 4K 75 inch 75UR7550PSC,23990000.0,17690000.0,https://cellphones.com.vn/smart-tivi-lg-75ur7550psc-4k-75-inch.html,https://cdn2.cellphones.com.vn/insecure/rs:fill:358:358/q:90/plain/https://cellphones.com.vn/media/catalog/product/4/3/43q636_1_.png
Smart Tivi LG OLED Evo 4K 55 inch 2024 (55C4PSA),44990000.0,31990000.0,https://cellphones.com.vn/smart-tivi-lg-oled-evo-55c4psa-4k-55-inch-2024.html,https://cdn2.cellphones.com.vn/insecure/rs:fill:358:358/q:90/plain/https://cellphones.com.vn/media/catalog/product/s/m/smart_tivi_qned_lg_4k_75_inch_75qned80sra_4_.png
Smart Tivi LG QNED 4K 50 inch 2024 (50QNED80TSA),19990000.0,13990000.0,https://cellphones.com.vn/smart-tivi-lg-qned-50qned80tsa-4k-50-inch-2024.html,https://cdn2.cellphones.com.vn/insecure/rs:fill:358:358/q:90/plain/https://cellphones.com.vn/media/catalog/product/s/m/smart_tivi_qned_lg_4k_75_inch_75qned80sra_25_.png
Smart Tivi Samsung QLED 4K 43 inch 2024 (43Q60D),12900000.0,9990000.0,https://cellphones.com.vn/smart-tivi-samsung-qled-43q60d-4k-43-inch-2024.html,https://cdn2.cellphones.com.vn/insecure/rs:fill:358:358/q:90/plain/https://cellphones.com.vn/media/catalog/product/s/m/smart_tivi_qned_lg_4k_65_inch_65qned86sra_39_.png
Khung treo Tivi Camel 65-85 inch KTT80TT,400000.0,400000.0,https://cellphones.com.vn/khung-tranh-tivi-camel-65-85-inch-ktt80tt.html,https://cdn2.cellphones.com.vn/insecure/rs:fill:358:358/q:90/plain/https://cellphones.com.vn/media/catalog/product/2/9/29_2_29.jpg
Smart Tivi LG LED 4K 50 inch 2024 (50UT8050),14990000.0,10290000.0,https://cellphones.com.vn/smart-tivi-lg-led-50ut80-4k-50-inch-2024.html,https://cdn2.cellphones.com.vn/insecure/rs:fill:358:358/q:90/plain/https://cellphones.com.vn/media/catalog/product/s/m/smart_tivi_qned_lg_4k_75_inch_75qned80sra_13_.png
Smart Tivi Samsung UHD 4K 85 inch 2024 (85DU8000),49900000.0,35490000.0,https://cellphones.com.vn/smart-tivi-samsung-85du8000-uhd-4k-85-inch.html,https://cdn2.cellphones.com.vn/insecure/rs:fill:358:358/q:90/plain/https://cellphones.com.vn/media/catalog/product/s/m/smart-tivi-samsung-85du8000-uhd-4k-85-inch_1_.png
Smart Tivi LG NanoCell 4K 43 inch 2024 (43NANO8TSA),13990000.0,9990000.0,https://cellphones.com.vn/smart-tivi-lg-nanocell-43nano8tsa-4k-43-inch-2024.html,https://cdn2.cellphones.com.vn/insecure/rs:fill:358:358/q:90/plain/https://cellphones.com.vn/media/catalog/product/s/m/smart_tivi_qned_lg_4k_65_inch_65qned86sra_14_.png
Smart Tivi QNED LG 4K 55 inch 55QNED80SQA,22990000.0,15990000.0,https://cellphones.com.vn/smart-tivi-qned-lg-55qned80qa-4k-55-inch.html,https://cdn2.cellphones.com.vn/insecure/rs:fill:358:358/q:90/plain/https://cellphones.com.vn/media/catalog/product/s/m/smart-tivi-qned-lg-55qned80qa-4k-55-inch.png
Smart Tivi LG OLED Evo 4K 55 inch 2024 (55G4PSA),54990000.0,37990000.0,https://cellphones.com.vn/smart-tivi-lg-oled-evo-55g4psa-4k-55-inch-2024.html,https://cdn2.cellphones.com.vn/insecure/rs:fill:358:358/q:90/plain/https://cellphones.com.vn/media/catalog/product/s/m/smart_tivi_qned_lg_4k_75_inch_75qned80sra_7_.png
Smart Tivi LG OLED Evo 4K 48 inch 2024 (48C4PSA),34990000.0,26990000.0,https://cellphones.com.vn/smart-tivi-lg-oled-evo-48c4psa-4k-48-inch-2024.html,https://cdn2.cellphones.com.vn/insecure/rs:fill:358:358/q:90/plain/https://cellphones.com.vn/media/catalog/product/s/m/smart_tivi_qned_lg_4k_75_inch_75qned80sra_3_.png
Smart Tivi Samsung Neo QLED 8K 65 inch 2024 (65QN800D),89900000.0,64990000.0,https://cellphones.com.vn/smart-tivi-samsung-neo-qled-65qn800d-8k-65-inch-2024.html,https://cdn2.cellphones.com.vn/insecure/rs:fill:358:358/q:90/plain/https://cellphones.com.vn/media/catalog/product/s/m/smart_tivi_samsung_neo_qled_4k_85_inch_85qn85ba_1_.png
Smart Tivi OLED LG 4K 55 inch OLED55G2PSA,39990000.0,29990000.0,https://cellphones.com.vn/smart-tivi-lg-oled-4k-55-inch-55g2psa.html,https://cdn2.cellphones.com.vn/insecure/rs:fill:358:358/q:90/plain/https://cellphones.com.vn/media/catalog/product/o/l/oled55g2psa_.png
Google Tivi Hisense 4K 65 inch (65A6500K),13990000.0,13990000.0,https://cellphones.com.vn/google-tivi-hisense-4k-65-inch-65a6500k.html,https://cdn2.cellphones.com.vn/insecure/rs:fill:358:358/q:90/plain/https://cellphones.com.vn/media/catalog/product/s/m/smart_tivi_oled_lg_4k_48_inch_oled48a3psa_4_.png
Google Tivi OLED Sony 4K 65 inch XR-65A95L,92100000.0,82890000.0,https://cellphones.com.vn/google-tivi-oled-sony-xr-65a95l-4k-65-inch.html,https://cdn2.cellphones.com.vn/insecure/rs:fill:358:358/q:90/plain/https://cellphones.com.vn/media/catalog/product/g/o/google-tivi-oled-sony-xr-65a95l-4k-65-inch_9_.png
Google Tivi Hisense 4K 55 inch (55A6500K),9990000.0,9990000.0,https://cellphones.com.vn/google-tivi-hisense-4k-55-inch-55a6500k.html,https://cdn2.cellphones.com.vn/insecure/rs:fill:358:358/q:90/plain/https://cellphones.com.vn/media/catalog/product/s/m/smart_tivi_oled_lg_4k_48_inch_oled48a3psa_5_.png
Smart Tivi 4K The Serif Samsung LTV 55 inch 55LS01B,22990000.0,16990000.0,https://cellphones.com.vn/smart-tivi-the-serif-samsung-55ls01b-4k-55-inch.html,https://cdn2.cellphones.com.vn/insecure/rs:fill:358:358/q:90/plain/https://cellphones.com.vn/media/catalog/product/s/m/smart-tivi-the-serif-samsung-55ls01b-4k-55-inch.png
Google Tivi Hisense 4K 43 inch (43A6500K),8290000.0,8290000.0,https://cellphones.com.vn/google-tivi-hisense-4k-43-inch-43a6500k.html,https://cdn2.cellphones.com.vn/insecure/rs:fill:358:358/q:90/plain/https://cellphones.com.vn/media/catalog/product/s/m/smart_tivi_oled_lg_4k_48_inch_oled48a3psa_7_.png
Google Tivi Hisense 4K 43 inch (43U6K),11990000.0,11990000.0,https://cellphones.com.vn/google-tivi-hisense-4k-43-inch-43u6k.html,https://cdn2.cellphones.com.vn/insecure/rs:fill:358:358/q:90/plain/https://cellphones.com.vn/media/catalog/product/s/m/smart_tivi_oled_lg_4k_48_inch_oled48a3psa_3_.png
Smart Tivi Samsung OLED 4K 65 inch 2024 (65S95D),69900000.0,48990000.0,https://cellphones.com.vn/smart-tivi-samsung-oled-65s95d-4k-65-inch-2024.html,https://cdn2.cellphones.com.vn/insecure/rs:fill:358:358/q:90/plain/https://cellphones.com.vn/media/catalog/product/s/m/smart_tivi_samsung_neo_qled_4k_85_inch_85qn85ba_14_.png
GIÁ TREO TIVI DI ĐỘNG NORTH BAYOU 75-110 INCH (TW100),8990000.0,7990000.0,https://cellphones.com.vn/gia-treo-tivi-di-dong-north-bayou-tw100.html,https://cdn2.cellphones.com.vn/insecure/rs:fill:358:358/q:90/plain/https://cellphones.com.vn/media/catalog/product/g/i/gia-treo-tivi-di-dong-north-bayou-tw100_1_.png
Smart Tivi Samsung Neo QLED 4K 55 inch 2024 (55QN85D),35900000.0,22990000.0,https://cellphones.com.vn/smart-tivi-samsung-neo-qled-55qn85d-4k-55-inch-2024.html,https://cdn2.cellphones.com.vn/insecure/rs:fill:358:358/q:90/plain/https://cellphones.com.vn/media/catalog/product/s/m/smart_tivi_qned_lg_4k_65_inch_65qned86sra_20_.png
Smart Tivi Samsung OLED 4K 65 inch 2024 (65S90D),63900000.0,41990000.0,https://cellphones.com.vn/smart-tivi-samsung-oled-65s90d-4k-65-inch-2024.html,https://cdn2.cellphones.com.vn/insecure/rs:fill:358:358/q:90/plain/https://cellphones.com.vn/media/catalog/product/s/m/smart_tivi_samsung_neo_qled_4k_85_inch_85qn85ba_16__1.png
Smart Tivi Samsung OLED 4K 65 inch QA65S95CA,59990000.0,47990000.0,https://cellphones.com.vn/smart-tivi-samsung-oled-qa65s95ca-4k-65-inch.html,https://cdn2.cellphones.com.vn/insecure/rs:fill:358:358/q:90/plain/https://cellphones.com.vn/media/catalog/product/q/a/qa65s95ca.png
Google Tivi Sony 4K 50 inch KD-50X80L,20000000.0,13990000.0,https://cellphones.com.vn/google-tivi-sony-kd-50x80l-4k-50-inch.html,https://cdn2.cellphones.com.vn/insecure/rs:fill:358:358/q:90/plain/https://cellphones.com.vn/media/catalog/product/g/o/google-tivi-sony-kd-43x80l-4k-43-inch_1.png
Smart Tivi Samsung QLED 4K 55 inch QA55Q70C,19990000.0,14990000.0,https://cellphones.com.vn/smart-tivi-samsung-qled-qa55q70c-4k-55-inch.html,https://cdn2.cellphones.com.vn/insecure/rs:fill:358:358/q:90/plain/https://cellphones.com.vn/media/catalog/product/s/m/smart-tivi-samsung-qled-qa55q70c-4k-55-inch.png
Smart Tivi Hisense Mini LED 55 inch (55U7K),22990000.0,22990000.0,https://cellphones.com.vn/smart-tivi-hisense-mini-led-55-inch-55u7k.html,https://cdn2.cellphones.com.vn/insecure/rs:fill:358:358/q:90/plain/https://cellphones.com.vn/media/catalog/product/s/m/smart-tivi-hisense-mini-led-75-inch-75ux_9_.png
Google Tivi Hisense 4K 55 inch (55Q6N),13990000.0,13990000.0,https://cellphones.com.vn/google-tivi-hisense-4k-55-inch-55q6n.html,https://cdn2.cellphones.com.vn/insecure/rs:fill:358:358/q:90/plain/https://cellphones.com.vn/media/catalog/product/s/m/smart_tivi_oled_lg_4k_48_inch_oled48a3psa_9_.png
Smart Tivi Samsung QLED 4K 55 inch 2024 (55Q70D),21900000.0,16990000.0,https://cellphones.com.vn/smart-tivi-samsung-qled-55q70d-4k-55-inch-2024.html,https://cdn2.cellphones.com.vn/insecure/rs:fill:358:358/q:90/plain/https://cellphones.com.vn/media/catalog/product/s/m/smart_tivi_qned_lg_4k_65_inch_65qned86sra_28_.png
Google Tivi Hisense 4K 65 inch (65U6K),19990000.0,19990000.0,https://cellphones.com.vn/google-tivi-hisense-4k-65-inch-65u6k.html,https://cdn2.cellphones.com.vn/insecure/rs:fill:358:358/q:90/plain/https://cellphones.com.vn/media/catalog/product/s/m/smart-tivi-hisense-mini-led-75-inch-75ux_12_.png
Smart Tivi Hisense Mini LED 75 inch (75U6K),30900000.0,30900000.0,https://cellphones.com.vn/smart-tivi-hisense-mini-led-75-inch-75u6k.html,https://cdn2.cellphones.com.vn/insecure/rs:fill:358:358/q:90/plain/https://cellphones.com.vn/media/catalog/product/s/m/smart_tivi_oled_lg_4k_48_inch_oled48a3psa.png
Google Tivi Hisense 4K 55 inch (55U6K),15990000.0,15990000.0,https://cellphones.com.vn/google-tivi-hisense-4k-55-inch-55u6k.html,https://cdn2.cellphones.com.vn/insecure/rs:fill:358:358/q:90/plain/https://cellphones.com.vn/media/catalog/product/s/m/smart_tivi_oled_lg_4k_48_inch_oled48a3psa_2_.png
Google Tivi Hisense 4K 75 inch (75A6500K),19990000.0,19990000.0,https://cellphones.com.vn/google-tivi-hisense-4k-75-inch-75a6500k.html,https://cdn2.cellphones.com.vn/insecure/rs:fill:358:358/q:90/plain/https://cellphones.com.vn/media/catalog/product/s/m/smart-tivi-hisense-mini-led-75-inch-75ux_11_.png
GIÁ TREO TIVI DI ĐỘNG NORTH BAYOU 55-85 INCH (TW85),3990000.0,2990000.0,https://cellphones.com.vn/gia-treo-tivi-di-dong-north-bayou-tw85.html,https://cdn2.cellphones.com.vn/insecure/rs:fill:358:358/q:90/plain/https://cellphones.com.vn/media/catalog/product/g/i/gia-treo-tivi-di-dong-north-bayou-tw85.png
Smart Tivi Samsung QLED 4K 65 inch QA65Q70C,25990000.0,17490000.0,https://cellphones.com.vn/smart-tivi-samsung-qled-qa65q70c-4k-65-inch.html,https://cdn2.cellphones.com.vn/insecure/rs:fill:358:358/q:90/plain/https://cellphones.com.vn/media/catalog/product/s/m/smart-tivi-samsung-qled-qa65q70c-4k-65-inch.png
Google Tivi Hisense 4K 65 inch (65Q6N),17990000.0,17990000.0,https://cellphones.com.vn/google-tivi-hisense-4k-65-inch-65q6n.html,https://cdn2.cellphones.com.vn/insecure/rs:fill:358:358/q:90/plain/https://cellphones.com.vn/media/catalog/product/s/m/smart_tivi_oled_lg_4k_48_inch_oled48a3psa_8_.png
Smart Tivi Hisense Mini LED 65 inch (65U7K),27990000.0,27990000.0,https://cellphones.com.vn/smart-tivi-hisense-mini-led-65-inch-65u7k.html,https://cdn2.cellphones.com.vn/insecure/rs:fill:358:358/q:90/plain/https://cellphones.com.vn/media/catalog/product/s/m/smart-tivi-hisense-mini-led-75-inch-75ux_8_.png
Smart Tivi Samsung QLED 4K 55 inch QA55Q80C,18990000.0,16290000.0,https://cellphones.com.vn/smart-tivi-samsung-qled-qa55q80c-4k-55-inch.html,https://cdn2.cellphones.com.vn/insecure/rs:fill:358:358/q:90/plain/https://cellphones.com.vn/media/catalog/product/s/m/smart-tivi-samsung-qled-qa55q80c-4k-55-inch.png
Smart Tivi Samsung QLED 4K 65 inch 2024 (65Q80D),32900000.0,24990000.0,https://cellphones.com.vn/smart-tivi-samsung-qled-65q80d-4k-65-inch-2024.html,https://cdn2.cellphones.com.vn/insecure/rs:fill:358:358/q:90/plain/https://cellphones.com.vn/media/catalog/product/s/m/smart_tivi_qned_lg_4k_65_inch_65qned86sra_23_.png
Smart Tivi Samsung OLED 4K 65 inch QA65S90CA,49990000.0,39990000.0,https://cellphones.com.vn/smart-tivi-samsung-oled-qa65s90ca-4k-65-inch.html,https://cdn2.cellphones.com.vn/insecure/rs:fill:358:358/q:90/plain/https://cellphones.com.vn/media/catalog/product/q/a/qa65s90ca_.png
Smart Tivi Samsung Neo QLED 4K 50 inch 2024 (50QN90D),36900000.0,34990000.0,https://cellphones.com.vn/smart-tivi-samsung-neo-qled-50qn90d-4k-50-inch-2024.html,https://cdn2.cellphones.com.vn/insecure/rs:fill:358:358/q:90/plain/https://cellphones.com.vn/media/catalog/product/s/m/smart_tivi_samsung_neo_qled_4k_85_inch_85qn85ba_23_.png
GIÁ TREO TIVI NORTH BAYOU DF-80T (65 -90 INCH),999000.0,799000.0,https://cellphones.com.vn/gia-treo-tivi-north-bayou-df-80t.html,https://cdn2.cellphones.com.vn/insecure/rs:fill:358:358/q:90/plain/https://cellphones.com.vn/media/catalog/product/g/i/gia-treo-tivi-north-bayou-df-80t.png
GIÁ TREO TIVI NORTH BAYOU DF-80T (65 -90 INCH),999000.0,799000.0,https://cellphones.com.vn/gia-treo-tivi-north-bayou-df-80t.html,https://cdn2.cellphones.com.vn/insecure/rs:fill:358:358/q:90/plain/https://cellphones.com.vn/media/catalog/product/g/i/gia-treo-tivi-north-bayou-df-80t.png
Google Tivi Coocaa 4K 75 inch 75C9,15990000.0,11990000.0,https://cellphones.com.vn/google-tivi-coocaa-4k-75-inch-75c9.html,https://cdn2.cellphones.com.vn/insecure/rs:fill:358:358/q:90/plain/https://cellphones.com.vn/media/catalog/product/f/i/file_3_1.png
Smart Tivi Samsung QLED 4K 65 inch 2024,24900000.0,22490000.0,https://cellphones.com.vn/smart-tivi-samsung-qled-65qe1d-4k-65-inch-2024.html,https://cdn2.cellphones.com.vn/insecure/rs:fill:358:358/q:90/plain/https://cellphones.com.vn/media/catalog/product/4/8/48_1_2.png
Smart Tivi Sony 4K 65 inch KD-65X85K VN3,35000000.0,35000000.0,https://cellphones.com.vn/smart-tivi-sony-4k-65-inch-kd-65x85k.html,https://cdn2.cellphones.com.vn/insecure/rs:fill:358:358/q:90/plain/https://cellphones.com.vn/media/catalog/product/6/5/65x85k_.png
Smart Tivi Samsung OLED 4K 55 inch 2024 (55S90D),44900000.0,31990000.0,https://cellphones.com.vn/smart-tivi-samsung-oled-55s90d-4k-55-inch-2024.html,https://cdn2.cellphones.com.vn/insecure/rs:fill:358:358/q:90/plain/https://cellphones.com.vn/media/catalog/product/s/m/smart_tivi_samsung_neo_qled_4k_85_inch_85qn85ba_18_.png
Smart Tivi Samsung QLED 4K 55 inch 2024,19900000.0,17990000.0,https://cellphones.com.vn/smart-tivi-samsung-qled-55qe1d-4k-55-inch-2024.html,https://cdn2.cellphones.com.vn/insecure/rs:fill:358:358/q:90/plain/https://cellphones.com.vn/media/catalog/product/4/7/47_1_1.png
Smart Tivi Samsung QLED 4K 50 inch 2024,17400000.0,15790000.0,https://cellphones.com.vn/smart-tivi-samsung-qled-50qe1d-4k-50-inch-2024.html,https://cdn2.cellphones.com.vn/insecure/rs:fill:358:358/q:90/plain/https://cellphones.com.vn/media/catalog/product/4/2/42_1_1.png
Smart Tivi 4K The Serif Samsung LTV 50 inch 50LS01B,24900000.0,24900000.0,https://cellphones.com.vn/smart-tivi-the-serif-samsung-50ls01b-4k-50-inch.html,https://cdn2.cellphones.com.vn/insecure/rs:fill:358:358/q:90/plain/https://cellphones.com.vn/media/catalog/product/5/0/50bu8000_1_.png
Smart Tivi Samsung khung tranh 4K 50 inch 2024 (50LS03D),22900000.0,20690000.0,https://cellphones.com.vn/smart-tivi-samsung-khung-tranh-50ls03d-4k-50-inch-2024.html,https://cdn2.cellphones.com.vn/insecure/rs:fill:358:358/q:90/plain/https://cellphones.com.vn/media/catalog/product/1/5/15_17_2.png
Smart Tivi Samsung UHD 4K 70 inch 2024 (70DU7000),24900000.0,22490000.0,https://cellphones.com.vn/smart-tivi-samsung-uhd-70du7000-4k-70-inch-2024.html,https://cdn2.cellphones.com.vn/insecure/rs:fill:358:358/q:90/plain/https://cellphones.com.vn/media/catalog/product/2/_/2_664.png
Smart Tivi Samsung UHD 4K 43 INCH 2024,11900000.0,10790000.0,https://cellphones.com.vn/smart-tivi-samsung-uhd-43du8500-4k-43-inch-2024.html,https://cdn2.cellphones.com.vn/insecure/rs:fill:358:358/q:90/plain/https://cellphones.com.vn/media/catalog/product/1/0/10_89_3.png
Smart Tivi Samsung UHD 4K 50 INCH 2024,14900000.0,13490000.0,https://cellphones.com.vn/smart-tivi-samsung-uhd-50du8500-4k-50-inch-2024.html,https://cdn2.cellphones.com.vn/insecure/rs:fill:358:358/q:90/plain/https://cellphones.com.vn/media/catalog/product/1/6/16_13_1.png
Smart Tivi Samsung UHD 4K 50 INCH 2024,14900000.0,13490000.0,https://cellphones.com.vn/smart-tivi-samsung-uhd-50du8500-4k-50-inch-2024.html,https://cdn2.cellphones.com.vn/insecure/rs:fill:358:358/q:90/plain/https://cellphones.com.vn/media/catalog/product/1/6/16_13_1.png
Smart Tivi Samsung UHD 4K 43 INCH 2024,11900000.0,10790000.0,https://cellphones.com.vn/smart-tivi-samsung-uhd-43du8500-4k-43-inch-2024.html,https://cdn2.cellphones.com.vn/insecure/rs:fill:358:358/q:90/plain/https://cellphones.com.vn/media/catalog/product/1/0/10_89_3.png
Smart Tivi Samsung UHD 4K 55 INCH 2024,15900000.0,14390000.0,https://cellphones.com.vn/smart-tivi-samsung-uhd-55du8500-4k-55-inch-2024.html,https://cdn2.cellphones.com.vn/insecure/rs:fill:358:358/q:90/plain/https://cellphones.com.vn/media/catalog/product/1/8/18_10_1.png
Smart Tivi Samsung UHD 4K 65 INCH 2024,18900000.0,17090000.0,https://cellphones.com.vn/smart-tivi-samsung-uhd-65du8500-4k-65-inch-2024.html,https://cdn2.cellphones.com.vn/insecure/rs:fill:358:358/q:90/plain/https://cellphones.com.vn/media/catalog/product/1/9/19_9_1.png
Smart Tivi Samsung UHD 4K 55 inch 2024 (55DU7000),13900000.0,12590000.0,https://cellphones.com.vn/smart-tivi-samsung-uhd-55du7000-4k-55-inch-2024.html,https://cdn2.cellphones.com.vn/insecure/rs:fill:358:358/q:90/plain/https://cellphones.com.vn/media/catalog/product/6/_/6_388_1.png
Google Tivi OLED Sony 4K 77 inch XR-77A95L,145800000.0,128290000.0,https://cellphones.com.vn/google-tivi-oled-sony-xr-77a95l-4k-77-inch.html,https://cdn2.cellphones.com.vn/insecure/rs:fill:358:358/q:90/plain/https://cellphones.com.vn/media/catalog/product/g/o/google-tivi-oled-sony-xr-77a95l-4k-77-inch.png
Smart Tivi Samsung QLED 4K 55 inch 2024 (55Q80D),26900000.0,20990000.0,https://cellphones.com.vn/smart-tivi-samsung-qled-55q80d-4k-55-inch-2024.html,https://cdn2.cellphones.com.vn/insecure/rs:fill:358:358/q:90/plain/https://cellphones.com.vn/media/catalog/product/s/m/smart_tivi_qned_lg_4k_65_inch_65qned86sra_24__2.png
Smart Tivi Samsung khung tranh 4K 65 inch 2024 (65LS03D),34900000.0,27990000.0,https://cellphones.com.vn/smart-tivi-samsung-khung-tranh-65ls03d-4k-65-inch-2024.html,https://cdn2.cellphones.com.vn/insecure/rs:fill:358:358/q:90/plain/https://cellphones.com.vn/media/catalog/product/1/2/12_46.png
Smart Tivi Samsung UHD 4K 50 INCH 2024 (50DU7700),13400000.0,10290000.0,https://cellphones.com.vn/smart-tivi-samsung-uhd-50du7700-4k-50-inch-2024.html,https://cdn2.cellphones.com.vn/insecure/rs:fill:358:358/q:90/plain/https://cellphones.com.vn/media/catalog/product/1/_/1_687_2.png
Smart Tivi Samsung Neo QLED 4K 65 inch QA65QN90C,39990000.0,32690000.0,https://cellphones.com.vn/smart-tivi-samsung-neo-qled-qa65qn90c-4k-65-inch.html,https://cdn2.cellphones.com.vn/insecure/rs:fill:358:358/q:90/plain/https://cellphones.com.vn/media/catalog/product/q/a/qa65qn90c_.png
Smart Tivi Samsung UHD 4K 65 inch 2024 (65DU7000),16400000.0,14890000.0,https://cellphones.com.vn/smart-tivi-samsung-uhd-65du7000-4k-65-inch-2024.html,https://cdn2.cellphones.com.vn/insecure/rs:fill:358:358/q:90/plain/https://cellphones.com.vn/media/catalog/product/3/_/3_605.png
Smart Tivi Samsung UHD 4K 43 inch 2024 (43DU7000),9400000.0,8590000.0,https://cellphones.com.vn/smart-tivi-samsung-uhd-43du7000-4k-43-inch-2024.html,https://cdn2.cellphones.com.vn/insecure/rs:fill:358:358/q:90/plain/https://cellphones.com.vn/media/catalog/product/s/m/smart_tivi_oled_lg_4k_48_inch_oled48a3psa_4.png
